,,,,,,,,,,,,,,,,,,,,,,,,,,,,,,,,,,,,,,,,,,,,,,,,,,,,,,,,,,,,,,,,,,,,,,,,,,,,,,,,,,
,,Producto,Medida,CASA DE LA CARNE CANGREJO,REY DE VIA ESPA¥A,RIBA SMITH BELLA VISTA,RIBA SMITH TRANSISTMICA,SUPER 99 CAMINO REAL,SUPER 99 EL DORADO,,SUPER 99 TUMBA MUERTO,,XTRA TUMBA MUERTO,,EL MACHETAZO COSTA SUR,,EL MACHETAZO METRO MALL,,SUPER 99 LOS PUEBLOS,,SUPER 99 PEDREGAL,,SUPER 99 PLAZA TOCUMEN,,XTRA LAS ACACIAS,,XTRA LOS PUEBLOS,,REY CHANIS,,SUPER 99 CHANIS,,SUPER 99 PORTOBELO,,REY 12 DE OCTUBRE,,SUPER 99 VISTA HERMOSA,,CASA DE LA CARNE VIA PORRAS,,REY CALLE 50,,SUPER 99 SAN FRANCISCO,,SUPER 99 VÖA PORRAS,,EL FUERTE SAN MIGUELITO,,EL MACHETAZO SAN MIGUELITO,,REY BRISAS DEL GOLF,,REY VILLA LUCRE,,SUPER 99 BRISAS DEL GOLF,,SUPER 99 LOS ANDES,,SUPER 99 VILLA LUCRE,,XTRA MARKET  VILLA LUCRE,,XTRA OJO DE AGUA,,XTRA PAN DE AZéCAR,,EL MACHETAZO CALIDONIA,,EL MACHETAZO SANTA ANA,,REY BOMBERO SANTA ANA,,SUPER 99 LA CUCHILLA CALIDONIA,,SUPER 99 MA¥ANITAS,,EL FUERTE VILLA ZAITA,,REY MILLA 8,,SUPER 99 LA CABIMA,
14,1,Babilla (Carne de res de Primera) *,1 Kilogramos,6.45,6.55,6.45,6.55,6.45,6.45,6.55,6.45,6.55,6.53,6.53,6.55,6.55,6.55,6.55,6.45,6.55,6.45,6.55,6.45,6.55,6.06,6.55,6.55,6.55,6.55,6.55,6.45,6.55,6.45,6.55,6.55,6.55,6.45,6.55,6.45,6.55,6.55,6.55,6.55,6.55,6.45,6.55,5.98,6.55,6.45,6.55,6.55,6.55,6.45,6.55,6.45,6.55,6.55,6.55,6.55,6.55,6.44,6.55,6.45,6.55,5.91,,,6.55,,,,6.55,,,6.55,,,,,6.55,6.45,6.55
14,2,Bistec de Cinta *,1 Kilogramos,4.96,5.62,5.62,5.62,5.62,5.62,5.62,5.62,5.62,5.60,5.60,5.54,5.62,5.62,5.62,5.62,5.62,5.62,5.50,5.62,5.62,4.79,4.83,5.58,5.50,5.62,5.62,5.62,5.50,5.62,5.50,5.62,5.62,5.62,5.50,4.96,4.96,5.54,5.50,5.62,5.62,5.54,5.50,5.65,5.50,5.62,5.62,5.62,5.62,5.62,5.62,5.62,5.62,5.54,5.62,5.54,5.50,5.60,5.60,5.54,5.15,5.57,5.57,5.62,,5.62,5.62,,,5.62,5.62,5.62,,5.17,5.17,5.62,5.50,5.54,5.50
14,3,Carne Molida de Primera *,1 Kilogramos,4.72,4.72,4.74,4.74,4.74,4.74,4.74,4.74,4.74,4.72,4.56,4.72,4.56,4.72,4.56,4.74,4.59,4.74,4.56,4.72,4.59,4.72,4.56,4.72,4.56,4.72,3.45,4.74,4.74,4.72,4.74,4.72,4.56,4.74,4.74,4.74,4.56,4.72,4.56,4.74,4.59,4.74,4.74,4.58,4.58,4.72,4.56,4.72,4.56,4.72,4.56,4.74,4.59,4.74,4.74,4.74,4.74,4.72,4.56,4.72,4.56,4.72,,4.74,4.74,4.74,,,,4.74,4.74,4.74,,4.45,4.45,,4.56,4.74,4.56
14,4,Carne para Sopa (Costilla) *,1 Kilogramos,4.64,4.64,4.64,4.64,4.45,4.64,4.64,4.64,4.64,4.22,4.14,4.64,4.95,4.64,4.95,4.64,4.64,4.45,4.64,4.64,4.64,4.64,4.18,4.87,4.18,4.64,4.64,4.64,4.64,4.64,4.45,4.64,4.64,4.64,4.64,4.64,4.64,4.64,4.64,4.64,4.64,4.64,4.45,4.64,4.94,4.95,4.95,4.64,4.64,4.64,4.64,4.64,4.64,4.98,4.64,4.64,4.45,4.64,4.64,4.64,4.13,4.43,,,,4.95,,,,,,4.45,,,,,4.64,4.64,4.64
14,5,Puerco Liso *,1 Kilogramos,5.72,6.31,14.26,14.26,4.79,6.31,4.74,6.31,6.09,7.15,6.09,5.75,6.09,6.35,6.09,6.31,6.09,4.79,6.09,6.31,4.49,7.15,4.47,7.15,4.47,6.31,6.09,6.31,6.09,4.79,6.09,6.31,6.09,6.31,6.09,7.80,7.80,5.65,5.65,4.79,6.09,4.79,6.09,5.45,5.45,5.49,6.09,6.31,6.09,6.31,6.09,4.74,6.09,4.79,6.09,4.79,6.09,7.15,7.15,6.31,5.43,5.43,5.43,5.75,,,,4.08,5.35,,,4.79,,,,,6.09,6.31,6.09
14,6,Pulpa Negra *,1 Kilogramos,8.89,7.49,7.85,13.18,7.69,7.69,7.88,7.85,7.69,7.64,7.64,7.99,7.99,7.95,7.95,7.69,7.88,7.69,7.69,7.69,7.69,7.66,7.78,7.67,7.78,7.49,7.49,7.69,7.69,7.69,7.69,7.85,7.69,7.59,7.69,8.89,8.89,7.85,7.49,7.69,7.69,7.69,7.69,7.44,7.88,7.58,7.95,7.49,7.49,7.85,7.49,7.69,7.69,7.69,7.69,7.69,7.69,7.46,7.46,6.73,7.88,7.41,7.41,,7.95,,7.95,,,,7.69,7.69,,6.86,6.86,,7.49,7.85,7.69
14,7,Muslo de Pollo con Piel *,1 Kilogramos,3.83,3.67,4.49,4.49,3.45,3.67,3.45,3.67,3.59,3.67,3.43,3.67,3.59,3.75,2.59,3.67,3.59,3.45,3.85,3.45,3.59,3.37,3.40,3.67,3.40,3.60,3.68,3.45,3.45,3.45,3.45,3.67,3.60,3.67,3.59,4.25,3.68,3.60,3.60,3.67,3.59,3.45,3.59,3.59,3.59,3.65,3.75,3.60,3.60,3.62,3.59,3.67,3.59,3.45,3.45,3.67,3.45,3.67,3.43,3.67,3.59,3.57,3.57,3.75,3.75,3.59,3.75,3.60,,3.45,,4.15,,3.56,3.59,3.60,3.59,3.45,3.59
14,8,Pechuga de Pollo con Piel *,1 Kilogramos,5.72,3.24,4.25,4.25,3.24,2.99,2.99,2.99,3.21,2.97,2.97,3.09,3.09,3.24,2.96,3.24,2.99,2.99,2.99,2.99,2.99,3.85,2.97,3.24,2.97,3.06,2.98,2.99,2.99,2.99,2.99,3.09,2.98,2.95,2.95,4.11,4.11,2.98,2.98,2.99,2.99,2.99,3.99,3.05,2.91,2.95,2.96,3.08,3.08,3.78,3.08,2.99,2.99,2.99,2.99,2.99,3.21,3.85,3.85,2.87,2.98,2.88,2.88,3.05,3.05,3.09,3.05,3.08,2.97,2.99,2.99,2.99,,3.05,2.91,3.08,3.08,2.99,3.21
14,9,Pollo Entero s/plumas *,1 Kilogramos,2.93,2.25,2.73,2.73,2.29,2.60,1.76,2.29,1.76,2.27,1.74,2.35,1.79,2.35,1.98,1.87,1.74,2.36,1.74,2.29,1.74,2.07,1.68,2.07,1.68,1.96,1.96,2.25,1.92,2.09,1.76,2.09,1.80,2.29,1.76,2.79,1.92,2.09,2.09,2.09,1.74,2.09,1.74,1.96,1.72,2.29,1.79,2.09,1.82,2.09,2.09,2.29,1.74,2.29,1.76,2.60,1.76,1.94,1.74,1.76,1.70,1.94,1.70,2.29,1.98,,2.29,2.09,1.80,2.29,1.76,2.09,,,1.72,2.36,2.36,2.29,2.60
14,10,Pescado Corvina *,1 Kilogramos,7.86,7.86,9.95,9.55,7.86,7.86,7.76,7.86,7.76,7.86,7.76,7.86,6.95,7.86,6.95,8.39,7.76,7.86,7.76,7.86,7.76,7.86,7.76,8.69,8.69,7.86,7.76,7.86,7.76,7.86,8.39,7.86,7.80,7.86,7.76,7.86,7.76,7.86,7.81,8.39,8.39,8.39,8.39,5.99,5.99,6.95,6.95,7.86,7.76,7.86,7.76,7.86,8.39,8.39,7.76,7.86,8.39,7.86,7.76,6.73,7.76,5.97,,6.95,,,,,,,,,,,,,7.76,7.86,7.76
14,11,Sardina en Salsa de Tomate sin Picante *,155 Gramos,0.68,0.69,0.82,0.47,0.69,0.69,0.41,0.54,0.44,0.42,0.50,0.65,0.65,0.65,0.55,0.41,0.44,0.41,0.44,0.44,0.44,0.48,0.45,0.50,0.45,0.70,0.68,0.44,0.44,0.44,0.41,0.59,0.45,0.44,0.41,0.66,0.65,0.70,0.70,0.41,0.41,0.44,0.41,0.49,0.38,0.47,0.47,0.55,0.79,0.69,0.45,0.44,0.46,0.41,0.44,0.44,0.41,0.41,0.43,0.43,0.36,0.36,0.48,0.47,0.65,0.55,0.55,0.75,,0.68,0.41,0.41,,0.45,0.67,0.70,0.69,0.44,0.51
14,12,Tuna en Agua *,142 Gramos,1.32,1.80,1.32,1.65,1.15,1.15,1.49,1.32,1.20,1.13,1.03,1.57,1.57,1.57,1.57,1.15,1.09,1.15,1.34,1.09,1.09,1.23,1.03,1.03,1.53,1.32,1.39,1.09,1.09,1.09,1.09,1.32,1.29,1.25,1.15,1.56,1.56,1.32,1.34,1.15,1.15,1.09,1.09,1.56,1.56,1.57,1.57,1.32,1.39,1.32,1.80,1.09,1.09,1.15,1.25,1.25,1.09,1.23,1.25,1.23,1.14,1.33,1.37,1.57,1.57,1.57,1.57,1.80,1.69,,1.15,1.09,,1.56,,,1.34,1.20,1.34
14,13,Jam¢n Cocido Empacado 4x4 *,1 Kilogramos,7.51,7.94,7.51,7.51,5.49,7.61,7.85,7.51,7.85,7.56,8.25,7.51,8.27,8.27,7.45,5.49,7.91,5.49,7.91,7.61,7.85,7.65,7.85,7.78,8.25,7.61,6.50,7.61,7.85,7.61,7.85,7.61,7.85,7.61,7.85,7.85,7.85,7.72,7.94,5.49,7.91,7.91,7.85,7.52,7.76,8.27,8.27,7.94,7.17,7.94,7.61,7.47,7.91,7.61,7.91,7.25,7.85,7.76,7.85,8.36,7.50,7.76,8.28,8.27,8.27,8.27,8.27,,7.61,,,,,7.76,7.76,7.61,7.85,7.51,7.91
14,14,Mortadela Nacional con Pimienta (empacado) *,1 Kilogramos,7.54,7.54,8.40,8.40,8.36,8.36,4.92,7.54,4.96,8.31,4.92,7.54,4.92,7.54,4.92,4.96,4.92,4.96,4.92,8.36,4.92,7.54,4.92,8.33,4.92,7.54,4.92,7.54,4.92,4.96,4.92,7.54,4.92,7.54,4.92,7.54,4.92,7.54,4.92,4.96,4.92,7.54,4.92,8.09,4.92,8.38,4.92,7.54,4.92,7.54,4.92,7.54,5.49,7.54,4.96,8.36,4.92,7.54,4.92,8.07,4.92,8.05,,,,,,,,,,,,8.09,4.87,,4.92,8.36,4.92
14,15,Salchichas Nac Empacadas tipo frankfurter *,1 Kilogramos,4.07,3.42,7.61,7.67,4.17,4.17,7.61,4.63,3.42,3.42,4.19,3.42,4.17,3.42,3.42,4.17,3.42,4.17,4.53,3.42,4.53,3.42,4.19,3.42,6.28,3.42,3.42,4.63,7.61,3.42,3.42,3.42,3.42,3.42,4.17,4.07,4.54,3.42,3.42,4.17,4.17,4.63,4.53,3.42,3.42,3.42,4.17,3.42,3.42,3.42,3.42,4.63,4.63,3.42,4.63,7.61,4.53,3.42,3.42,3.42,3.42,3.42,4.54,3.42,4.17,3.42,3.42,4.83,,4.83,,4.17,,3.42,3.42,3.42,3.42,4.63,7.61
5,16,Arroz de Primera *,1 Kilogramos,0.87,0.87,0.87,0.88,0.88,0.88,0.88,0.88,0.88,0.85,0.88,0.88,0.87,0.87,0.87,0.86,0.88,0.88,0.88,0.87,0.88,0.85,0.85,0.86,0.84,0.87,0.88,0.86,0.88,0.87,0.88,0.87,0.87,0.87,0.88,0.88,0.88,0.87,0.87,0.88,0.88,0.88,0.88,0.88,0.88,0.87,0.87,0.87,0.88,0.87,0.87,0.88,0.88,0.88,0.87,0.88,0.88,0.86,0.87,0.85,0.79,0.88,0.87,,,,0.87,0.87,0.87,,,0.87,,0.88,0.88,0.87,0.87,0.87,0.87
5,17,Codito *,454 Gramos,0.83,0.85,0.89,0.59,0.79,0.79,0.79,0.79,0.79,0.61,0.57,0.85,0.75,0.75,0.82,0.79,0.79,0.79,0.79,0.79,0.79,0.73,0.70,0.80,0.77,0.59,0.85,0.95,0.79,0.79,0.79,0.59,0.85,0.79,0.79,0.85,0.85,0.85,0.85,0.79,0.79,0.79,0.79,0.84,0.84,0.75,0.75,0.59,0.85,0.59,0.85,0.79,0.79,0.79,0.79,0.79,0.79,0.77,0.83,0.57,0.57,0.60,0.60,0.75,0.82,0.75,0.82,0.59,0.59,0.79,0.95,0.75,,0.84,0.84,0.58,0.85,0.79,0.95
5,18,Crema  de Ma¡z *,300 Gramos,0.62,0.65,0.62,0.62,0.60,0.60,0.65,0.65,0.65,0.63,0.63,0.62,0.60,0.70,0.70,0.60,0.60,0.60,0.70,0.60,0.65,0.58,0.58,0.58,0.69,0.65,0.72,0.60,0.65,0.65,0.60,0.62,0.65,0.60,0.65,0.62,0.64,0.65,0.65,0.60,0.65,0.65,0.60,0.60,0.60,0.60,0.60,0.62,0.65,0.62,0.79,0.60,0.65,0.65,0.65,0.60,0.60,0.69,0.69,0.58,0.58,0.68,0.69,0.60,0.60,0.60,0.60,,,,0.65,0.69,,0.60,0.69,,0.60,0.60,0.60
5,19,Hojuelas de Ma¡z (corn flakes) cajeta *,300 Gramos,2.24,2.50,2.12,2.50,2.50,1.99,1.59,2.50,1.79,1.98,1.98,1.95,3.09,2.45,3.09,1.59,1.59,1.59,1.39,2.29,1.59,2.18,1.98,1.48,1.98,2.10,2.32,1.59,2.32,1.99,1.99,2.10,2.10,2.29,1.39,3.05,2.31,2.10,2.20,1.79,1.79,1.59,3.09,1.98,3.15,2.45,3.09,2.50,2.50,2.10,2.98,1.79,1.99,2.12,1.59,1.79,1.59,1.48,2.48,2.18,1.98,1.48,2.27,2.45,3.09,2.45,3.09,2.10,2.98,3.09,1.79,3.09,,1.98,1.99,2.10,2.98,1.39,1.79
5,20,Macarrones (espaguetti) Cal 3- 5 *,454 Gramos,0.81,0.76,0.59,0.59,0.58,0.63,0.79,0.58,0.63,0.56,0.61,0.65,0.58,0.58,0.58,0.63,0.85,0.58,0.75,0.63,0.63,0.61,0.61,0.65,0.61,0.75,0.71,0.63,0.85,0.58,0.71,0.76,0.85,0.58,0.78,0.59,0.67,0.75,0.85,0.58,0.63,0.58,0.71,0.84,0.56,0.65,0.65,0.65,0.75,0.76,0.76,0.63,0.81,0.63,0.73,0.58,0.79,0.57,0.76,0.54,0.54,0.59,0.50,0.72,0.75,0.75,0.75,0.76,0.71,0.73,0.71,0.63,,0.85,0.56,0.59,0.93,0.58,0.71
5,21,Pan de Michita *,1 Kilogramos,2.60,2.69,2.60,2.60,2.60,2.60,2.80,2.60,2.80,2.60,2.80,2.60,2.80,2.60,2.80,2.60,2.80,2.60,2.80,2.60,2.80,2.60,2.80,2.60,2.80,2.60,2.50,2.60,2.80,2.60,2.80,2.60,2.80,2.60,2.80,2.60,2.80,2.60,2.80,2.60,2.80,2.60,2.80,2.60,2.80,2.60,3.52,2.50,2.80,2.60,2.80,2.60,2.80,2.60,2.80,2.60,2.80,2.60,2.80,2.60,2.80,2.60,2.80,2.60,2.80,2.60,2.80,2.60,2.80,2.60,2.80,2.60,,2.60,2.80,2.60,2.50,2.60,2.80
5,22,Pan Molde *,500 Gramos,0.91,0.91,0.92,0.92,0.91,0.92,0.90,0.92,0.90,0.90,0.90,0.91,0.90,0.91,0.90,0.91,0.90,0.91,0.90,0.91,0.90,0.89,0.89,0.89,0.89,0.91,0.92,0.91,0.90,0.91,0.90,0.91,0.92,0.92,0.90,0.91,0.90,0.92,0.90,0.91,0.90,0.91,0.90,0.92,0.92,0.91,0.90,0.92,0.92,0.91,0.92,0.91,0.90,0.92,0.90,0.92,0.90,0.90,0.90,0.87,0.87,0.91,0.87,0.91,0.90,0.91,0.90,0.91,0.90,0.91,0.90,0.91,,0.91,0.92,0.91,0.92,0.91,0.90
5,23,Tortilla de Ma¡z *,10 Unidades,1.10,1.15,1.45,1.45,1.15,1.15,1.49,1.15,1.35,0.90,0.94,1.14,0.99,1.15,0.99,1.15,1.05,1.05,1.15,1.15,1.05,0.90,0.90,0.90,0.90,1.15,0.99,1.05,1.15,1.25,1.15,1.14,0.99,1.15,1.15,1.10,1.10,1.50,1.15,1.15,1.15,1.05,1.15,0.89,0.87,1.15,0.99,1.14,0.99,1.00,1.28,1.14,1.05,1.05,1.15,1.05,1.05,1.10,1.06,0.85,0.88,1.11,0.90,1.15,0.85,1.10,1.10,1.59,1.09,1.14,1.15,1.49,,1.13,0.87,1.10,1.15,1.25,1.15
10,24,Aj¡ Dulce y/o picoloro *,1 Kilogramos,3.00,2.40,2.40,3.80,2.20,2.20,2.30,2.20,2.20,3.67,2.18,2.40,2.35,2.35,2.35,2.20,2.20,2.20,2.20,2.20,2.20,1.89,1.89,2.18,2.18,2.40,2.40,2.20,2.20,2.20,2.20,3.00,2.30,2.20,2.20,2.40,2.30,3.25,2.40,2.20,2.20,2.20,2.20,1.98,1.98,2.35,2.35,2.40,2.40,2.40,2.40,2.20,2.30,2.20,2.30,2.20,2.20,2.18,2.18,2.18,2.08,1.89,1.89,3.35,2.35,2.35,2.35,2.40,2.30,2.20,2.20,2.20,,2.25,2.25,2.40,2.40,2.20,2.20
10,25,Ajo *,1 Kilogramos,4.11,4.85,3.30,3.30,3.85,3.85,3.10,3.85,3.10,3.85,3.17,3.85,3.98,3.98,3.98,3.70,3.10,3.70,3.10,3.85,3.10,2.98,3.96,3.57,4.02,3.85,4.85,3.70,3.70,3.49,3.10,3.85,4.85,3.85,3.70,3.85,3.66,4.85,3.66,3.19,3.19,3.70,3.10,2.62,3.66,3.98,3.98,4.85,4.85,4.85,4.85,3.85,3.10,3.85,3.66,3.85,3.10,3.85,3.66,4.02,2.08,2.90,4.02,3.98,3.98,3.98,3.98,3.85,3.66,3.85,3.66,3.85,,3.85,2.10,4.85,4.85,3.85,3.70
10,26,Cebolla Amarilla *,1 Kilogramos,1.76,1.76,1.76,1.76,1.76,1.43,1.43,1.71,1.71,1.73,1.73,1.76,1.65,1.76,1.65,1.76,1.76,1.76,1.76,1.76,1.76,1.74,1.74,1.74,1.74,1.75,1.75,1.76,1.76,1.76,1.76,1.75,1.75,1.76,1.76,1.76,1.32,1.75,1.75,1.76,1.76,1.76,1.76,1.19,1.45,1.76,1.65,1.75,1.75,1.71,1.75,1.76,1.76,1.76,1.76,1.76,1.76,1.73,1.73,1.73,1.73,1.17,1.35,1.76,1.76,1.76,1.65,1.75,1.75,1.76,1.76,1.76,,1.59,1.71,1.75,1.75,1.76,1.76
10,27,Lechuga *,1 Kilogramos,1.91,2.95,2.80,4.45,2.75,2.99,2.85,2.99,2.99,2.70,2.70,2.65,2.10,2.65,2.10,2.99,2.99,2.99,2.85,3.04,3.04,1.93,1.93,3.00,2.85,2.95,2.95,2.99,2.99,2.99,2.99,1.85,3.80,2.80,2.85,2.80,2.85,2.95,2.95,2.99,2.85,2.99,2.99,2.62,2.62,2.65,2.65,2.95,2.85,2.95,2.95,2.99,2.99,2.99,2.99,2.99,2.99,2.80,2.20,1.93,2.11,1.93,2.42,2.65,2.65,2.65,2.65,2.95,2.95,2.99,2.85,2.99,,2.62,2.62,2.95,2.95,2.99,2.99
10,28,¥ame Diamante *,1 Kilogramos,0.84,0.88,0.88,0.88,0.79,0.84,0.79,0.79,0.79,0.86,0.85,0.88,0.88,0.88,0.88,0.79,0.79,0.79,0.79,0.79,0.85,0.86,0.86,0.86,0.86,0.88,0.88,0.79,0.79,0.84,0.85,0.88,0.88,0.79,0.79,0.84,0.85,0.88,0.88,0.84,0.79,0.84,0.85,0.88,0.88,0.88,0.88,0.88,0.88,0.88,0.88,0.79,0.79,0.84,0.85,0.84,0.85,0.77,0.85,0.83,0.85,0.86,0.86,0.88,0.88,0.88,0.88,0.88,0.88,0.79,0.79,0.79,,0.85,0.85,0.88,0.88,0.84,0.79
10,29,Papa Nacional *,1 Kilogramos,1.20,1.51,1.54,1.54,1.29,1.51,1.52,1.51,1.52,1.27,1.27,1.54,1.54,1.54,1.54,1.54,1.52,1.54,1.54,1.54,1.54,1.50,1.50,1.46,1.47,1.54,1.54,1.54,1.52,1.54,1.54,1.54,1.54,1.54,1.54,1.44,1.47,1.54,1.54,1.54,1.54,1.54,1.54,1.54,1.54,1.54,1.54,1.54,1.54,1.54,1.54,1.54,1.52,1.54,1.54,1.54,1.54,1.52,1.52,1.46,1.46,1.46,1.46,1.54,1.54,1.54,1.54,1.54,1.54,1.54,1.54,1.51,,1.54,1.54,1.54,1.54,1.51,1.54
10,30,Pl tano Verde *,1 Unidades,0.38,0.26,0.30,0.26,0.26,0.26,0.27,0.25,0.27,0.26,0.26,0.22,0.27,0.22,0.27,0.26,0.27,0.26,0.27,0.27,0.27,0.22,0.27,0.26,0.27,0.25,0.27,0.26,0.27,0.26,0.27,0.26,0.25,0.20,0.27,0.26,0.33,0.25,0.25,0.26,0.27,0.26,0.27,0.26,0.27,0.26,0.27,0.26,0.27,0.25,0.27,0.26,0.27,0.26,0.27,0.27,0.27,0.25,0.25,0.24,0.27,0.26,0.22,0.26,0.27,0.26,0.27,0.25,0.27,0.27,0.27,0.32,,0.25,0.25,0.25,0.27,0.26,0.27
10,31,Repollo Verde *,1 Kilogramos,1.61,1.40,1.54,3.08,1.49,1.49,1.49,1.54,1.62,1.47,1.38,2.40,1.49,1.45,1.62,1.49,1.49,1.49,1.49,1.49,2.68,1.47,1.43,1.47,1.43,1.30,1.64,1.49,1.49,1.49,1.49,1.30,1.62,1.49,1.49,1.60,1.62,1.54,1.64,1.49,1.49,1.49,1.49,1.25,1.25,1.45,1.45,1.30,1.64,1.30,1.64,1.49,1.49,1.98,1.98,1.49,1.49,2.50,2.13,1.38,1.23,1.32,1.23,1.40,1.62,1.45,1.45,1.40,1.62,1.49,1.49,1.49,,1.25,1.25,1.30,1.30,1.49,1.49
10,32,Tomate Nacional (Perita ¢ 3 x 3) *,1 Kilogramos,2.66,2.71,2.71,2.71,2.66,2.69,2.66,2.66,2.66,2.68,2.68,2.71,2.71,2.71,2.71,2.66,2.66,2.69,2.69,2.66,2.69,2.67,2.67,2.67,2.67,2.71,2.71,2.69,2.66,2.69,2.66,2.71,2.71,2.66,2.66,2.35,2.45,2.71,2.71,2.69,2.69,2.71,2.69,2.39,2.39,2.71,2.69,2.71,2.71,2.71,2.71,2.55,2.66,2.71,2.71,2.69,2.69,2.65,2.67,2.62,2.66,2.37,2.66,2.71,2.71,2.71,2.66,2.71,2.71,2.69,2.69,2.69,,2.64,2.64,2.71,2.71,2.66,2.10
10,33,Yuca *,1 Kilogramos,0.68,0.68,0.68,0.68,0.68,0.68,0.71,0.68,0.71,0.68,0.77,0.68,0.71,0.68,0.71,0.68,0.71,0.68,0.71,0.68,0.71,0.60,0.60,0.60,0.60,0.68,0.66,0.68,0.71,0.68,0.71,0.65,0.66,0.68,0.71,0.84,0.84,0.68,0.83,0.68,0.71,0.68,0.71,0.68,0.71,0.68,0.71,0.68,0.66,0.65,0.65,0.68,0.71,0.68,0.71,0.68,0.71,0.63,0.63,0.68,0.71,0.83,0.83,0.68,0.71,0.68,0.71,0.68,0.71,0.68,0.71,0.68,,0.68,0.71,0.66,0.66,0.68,0.71
10,34,Zanahoria *,1 Kilogramos,1.50,1.61,2.35,2.35,1.64,1.64,1.64,1.64,1.64,1.62,1.47,1.49,1.69,1.45,1.69,1.64,1.64,1.64,1.64,1.64,1.64,1.39,1.39,1.39,1.39,1.61,1.64,1.64,1.64,1.64,1.64,1.83,1.83,1.64,1.64,1.61,1.50,1.72,1.72,1.64,1.64,1.64,1.64,1.50,1.50,1.49,1.69,1.61,1.61,1.61,1.61,1.64,1.64,1.64,1.64,1.64,1.64,1.62,1.39,0.79,1.64,1.46,1.39,1.49,1.49,1.48,1.49,1.61,1.61,1.64,1.64,1.64,,1.50,1.64,1.52,1.52,1.61,1.64
4,35,Frijoles Chiricanos *,1 Kilogramos,2.54,2.84,3.02,3.00,2.62,2.54,2.43,2.43,2.43,1.98,1.98,2.84,2.40,2.36,2.36,2.43,2.54,2.43,2.62,2.43,2.54,2.14,2.54,2.29,2.16,2.98,2.84,2.43,2.54,2.43,2.62,2.54,2.84,2.84,2.62,2.82,2.82,3.06,3.06,2.43,2.54,2.43,2.62,2.18,2.18,2.84,2.40,2.98,2.98,2.54,2.84,2.54,2.84,2.43,2.43,2.54,2.43,2.47,2.57,2.47,2.03,2.03,1.92,2.31,2.36,2.36,2.36,2.54,2.57,2.84,2.84,2.54,,2.36,2.76,2.54,2.57,2.43,2.62
4,36,Lentejas *,1 Kilogramos,1.54,1.52,1.61,1.61,1.52,1.52,1.52,1.54,1.52,1.57,2.34,1.34,1.52,1.74,1.52,1.52,1.52,1.52,1.52,1.52,1.52,1.30,1.46,1.46,1.30,1.52,1.52,1.52,1.52,1.52,1.52,2.43,2.20,1.61,1.52,1.61,1.61,1.52,1.74,1.43,1.43,1.52,1.52,1.61,1.43,1.34,1.34,1.65,1.52,1.52,1.52,1.52,1.52,1.52,1.52,1.61,1.52,1.54,1.98,1.90,1.30,1.50,1.30,1.34,1.52,1.54,1.34,1.52,1.52,1.52,1.52,1.19,,1.43,1.43,1.52,1.52,1.52,1.52
4,37,Porotos Rojos *,1 Kilogramos,2.07,2.31,2.12,2.12,1.96,1.96,1.92,1.92,1.92,1.87,1.87,2.16,2.65,1.87,2.65,1.92,1.92,1.92,1.92,1.96,1.92,1.87,1.87,1.87,1.87,2.43,2.87,1.92,1.92,1.92,1.96,2.76,2.87,1.96,2.82,2.09,2.12,2.87,2.62,1.92,1.92,1.92,1.92,2.05,2.05,1.87,2.65,2.07,2.76,2.16,2.87,2.07,1.96,1.92,1.92,1.96,2.12,1.98,2.12,2.05,1.83,1.81,1.83,1.87,2.16,2.12,2.16,2.87,2.87,1.96,1.92,1.92,,2.12,2.12,2.65,2.87,1.92,1.92
11,38,Guineos *,1 Kilogramos,1.00,0.86,1.10,1.10,0.99,0.99,0.99,0.97,0.98,0.87,0.97,0.97,0.98,0.99,0.99,0.99,0.99,0.97,0.99,0.99,0.99,0.97,0.97,0.97,0.97,0.90,0.99,0.99,0.99,0.99,0.99,0.94,0.94,0.99,0.99,0.97,1.01,0.94,0.94,0.97,0.99,0.99,0.99,0.94,0.94,0.95,0.95,0.97,0.94,0.95,0.95,0.97,0.98,0.99,0.99,0.99,0.99,0.88,0.98,0.97,0.97,0.93,0.98,0.98,0.98,0.89,0.89,0.97,0.98,0.97,0.98,0.99,,0.99,0.99,0.94,0.94,0.99,0.99
11,39,Manzana Roja Mediana *,1 Unidades,0.41,0.41,0.41,0.45,0.41,0.41,0.35,0.41,0.35,0.41,0.35,0.41,0.35,0.41,0.35,0.41,0.35,0.41,0.35,0.41,0.35,0.41,0.35,0.41,0.35,0.41,0.35,0.41,0.35,0.41,0.35,0.41,0.35,0.41,0.35,0.41,0.35,0.41,0.35,0.41,0.35,0.41,0.35,0.41,0.35,0.41,0.35,0.41,0.35,0.41,0.35,0.41,0.35,0.41,0.35,0.41,0.35,0.41,0.35,0.41,0.35,0.41,0.35,0.41,0.35,0.41,0.35,0.41,0.35,0.41,0.35,0.36,,0.41,0.35,0.41,0.35,0.41,0.35
11,40,Naranja de Jugo *,1 Kilogramos,0.84,0.84,0.95,0.95,0.85,0.85,0.86,0.85,0.86,0.72,0.72,0.84,0.95,0.84,0.95,0.85,0.85,0.85,0.85,0.85,0.85,0.84,0.72,0.72,0.72,0.84,0.84,0.84,0.86,0.84,0.85,0.84,0.86,0.85,0.85,0.76,0.86,0.84,0.86,0.85,0.95,0.84,0.86,0.99,0.99,0.95,0.95,0.84,0.86,0.84,0.86,0.84,0.85,0.85,0.86,0.85,0.85,0.72,0.73,0.55,0.86,0.53,0.75,0.95,0.95,0.95,0.95,0.84,0.86,0.84,0.85,0.85,,0.99,0.86,0.84,0.86,0.85,0.85
11,41,Pi¤a *,1 Kilogramos,0.96,0.96,1.26,0.90,0.96,0.95,0.95,0.96,0.95,0.96,0.95,0.95,0.85,0.96,0.95,0.95,0.95,0.95,0.95,0.95,0.95,0.96,0.95,0.96,0.95,0.96,0.95,0.96,0.95,0.95,0.95,0.96,0.95,0.96,0.95,0.96,0.95,0.96,0.95,0.85,0.95,0.96,0.95,0.87,0.87,0.95,0.95,0.96,0.95,0.96,0.95,0.96,0.95,1.15,1.15,0.96,0.95,0.96,0.95,0.96,0.95,0.96,0.95,0.95,0.95,0.95,0.95,0.96,0.95,0.88,0.95,0.95,,0.96,0.95,0.96,0.95,0.96,0.95
6,42,Aceite Vegetal Nacional *,"1,42 Litros",3.85,2.00,3.48,3.48,2.79,2.15,2.39,2.79,2.39,1.98,2.55,2.95,2.48,2.79,2.77,2.39,2.55,2.39,2.95,2.54,2.95,1.98,1.98,1.97,1.97,3.15,2.25,2.99,3.15,2.79,2.39,3.15,2.25,2.67,2.39,3.30,3.14,3.15,3.75,2.39,2.39,2.95,2.39,2.19,2.18,2.49,2.52,1.95,2.25,2.69,2.25,2.79,2.55,1.99,2.95,2.95,2.39,1.98,1.98,1.97,2.07,2.13,2.13,2.19,2.52,2.50,2.52,3.15,2.55,2.79,2.39,2.67,,2.49,2.49,3.15,2.35,4.09,2.39
6,43,Margarina en barra*,1 Kilogramos,2.67,2.43,2.87,2.98,2.62,2.62,2.43,2.62,2.43,2.65,2.43,2.84,2.76,2.84,2.76,2.43,2.54,2.62,2.54,2.62,2.54,2.62,2.54,2.62,2.62,2.69,2.58,2.62,2.62,2.62,2.62,3.73,2.43,2.62,2.58,2.67,2.67,2.82,2.31,2.62,2.62,2.65,2.62,2.58,2.43,2.76,2.58,2.43,2.31,2.58,2.58,2.62,2.43,2.62,2.62,2.62,2.62,2.62,2.62,2.43,2.43,2.65,2.65,2.76,2.43,2.76,2.65,3.04,2.98,2.84,2.43,2.82,,2.58,2.58,2.58,2.31,2.62,2.43
1,44,Leche en Polvo entera instant nea *,360 Gramos,3.26,3.75,3.76,3.76,1.99,1.99,3.75,3.39,1.99,2.93,2.93,3.42,3.76,3.74,3.74,1.99,2.95,3.10,3.49,3.39,3.39,3.37,3.27,3.37,3.43,3.31,3.72,3.39,3.49,3.39,1.99,3.31,3.31,3.39,3.10,3.76,3.76,3.32,3.76,1.99,1.99,3.39,1.99,2.98,2.98,3.69,3.75,3.75,3.75,3.31,3.31,3.49,3.49,2.95,3.39,3.26,3.10,3.33,3.70,2.96,3.71,2.96,3.25,3.72,3.72,3.75,3.75,3.72,3.75,3.39,1.99,3.39,,2.98,3.75,3.31,3.31,3.39,3.10
1,45,Leche Evaporada *,167 Gramos,0.51,0.47,0.67,0.67,0.49,0.49,0.68,0.49,0.49,0.43,0.43,0.49,0.49,0.49,0.49,0.49,0.49,0.49,0.49,0.49,0.49,0.39,0.43,0.39,0.43,0.45,0.45,0.49,0.49,0.49,0.68,0.45,0.45,0.49,0.49,0.55,0.55,0.45,0.45,0.49,0.49,0.49,0.49,0.48,0.48,0.49,0.59,0.47,0.47,0.45,0.45,0.49,0.49,0.49,0.49,0.49,0.49,0.45,0.45,0.46,0.46,0.42,0.42,0.49,0.49,0.47,0.49,0.55,0.65,0.68,0.49,0.49,,0.48,0.48,0.45,0.45,0.49,0.49
1,46,Leche Fresca y Pasteurizada *,946 Mililitros,1.49,1.35,1.49,1.49,1.35,1.35,1.35,1.35,1.35,1.33,1.33,1.39,1.49,1.39,1.35,1.35,1.25,1.35,1.25,1.35,1.25,1.27,1.27,1.33,1.33,1.35,1.35,1.35,1.35,1.35,1.35,1.35,1.35,1.35,1.35,1.66,1.55,1.36,1.35,1.35,1.25,1.35,1.35,1.31,1.31,1.35,1.49,1.35,1.35,1.35,1.35,1.35,1.25,1.35,1.35,1.36,1.35,1.35,1.35,1.23,1.28,1.25,1.25,1.33,1.39,1.39,1.39,1.35,1.35,1.35,1.35,1.35,,1.33,1.33,1.35,1.35,1.35,1.35
1,47,Queso Amarillo *,1 Kilogramos,6.61,6.61,6.61,6.61,6.21,6.21,6.61,6.21,6.65,6.19,6.59,6.60,6.60,6.39,6.47,6.21,6.21,6.21,6.21,6.39,6.47,6.39,6.53,6.19,6.19,6.39,6.61,6.61,6.21,6.21,6.21,6.39,6.61,6.21,6.61,6.61,6.61,6.39,6.47,6.21,6.21,6.61,6.21,6.59,6.61,6.60,6.47,6.61,6.61,6.39,6.61,6.21,6.21,6.21,6.61,6.39,6.21,6.19,6.59,6.19,6.19,6.19,6.19,6.60,6.47,6.60,6.47,6.61,6.47,6.21,6.61,6.21,,6.61,6.61,6.61,6.61,6.21,6.61
1,48,Queso Blanco Prensado Bajo en Sal *,1 Kilogramos,11.49,11.30,15.20,15.20,11.00,11.19,11.00,11.30,9.95,10.97,10.97,11.30,15.25,9.89,11.57,11.00,11.00,10.49,11.00,11.30,11.57,10.25,11.03,10.25,10.63,11.30,11.39,11.49,11.49,11.49,11.57,11.30,11.39,11.00,14.49,14.86,11.57,10.89,11.57,11.30,11.00,11.49,11.00,11.30,10.31,10.58,10.95,11.30,11.57,11.30,11.57,11.49,11.00,11.00,11.00,11.30,11.57,10.92,11.57,10.21,11.57,10.28,10.28,9.89,11.75,11.75,11.57,11.30,10.89,11.19,11.57,11.30,,10.31,11.57,10.89,10.94,11.00,11.57
13,49,Huevos Medianos de Gallina *,1 Docena,1.87,1.85,1.87,1.87,1.87,1.87,1.87,1.87,1.79,1.85,1.76,1.87,1.87,1.87,1.87,1.79,1.87,1.79,1.79,1.87,1.79,1.81,1.85,1.85,1.67,1.50,1.70,1.87,1.79,1.87,1.79,1.85,1.79,1.87,1.87,1.87,1.87,1.81,1.68,1.87,1.87,1.79,1.87,1.69,1.60,1.81,1.87,1.50,1.68,1.87,1.75,1.81,1.87,1.87,1.79,1.87,1.87,1.81,1.66,1.61,1.65,1.64,1.58,1.69,1.79,1.81,1.87,1.85,1.85,1.87,1.79,1.87,,1.87,1.77,1.50,1.70,1.87,1.79
12,50,Az£car Morena *,1 Kilogramos,1.06,1.06,1.06,1.06,1.06,1.06,1.23,1.06,1.13,1.26,1.26,1.06,1.22,1.06,1.22,1.06,1.22,1.06,1.13,1.06,1.13,0.95,0.99,0.95,0.95,1.06,1.22,1.06,1.13,1.06,1.23,1.06,1.17,1.06,1.13,1.06,1.54,1.06,1.37,1.06,1.22,1.06,1.23,1.06,1.22,1.06,1.50,1.06,1.22,1.06,1.23,1.06,1.13,1.06,1.22,1.06,1.22,1.06,1.33,0.95,0.95,1.21,1.21,1.06,1.22,1.06,1.22,1.06,1.22,1.06,1.30,1.06,,1.06,1.25,1.06,1.23,1.06,1.13
8,51,Caf‚ Molido Tradicional *,425 Gramos,5.45,5.00,3.94,3.94,4.07,3.45,3.45,2.49,4.07,2.80,4.05,4.05,4.05,4.05,4.05,3.45,3.45,3.45,3.45,4.07,4.07,3.04,2.79,2.79,2.79,5.49,5.09,4.07,4.07,4.07,3.45,5.00,4.05,4.07,5.29,5.45,3.95,4.05,4.05,4.07,5.29,4.07,4.99,3.09,2.79,4.05,4.89,5.19,4.05,4.05,4.05,3.45,4.07,2.81,2.81,4.07,4.07,4.01,4.01,3.08,2.78,2.77,2.77,2.94,4.05,4.05,4.05,4.05,3.95,4.07,5.29,4.99,,2.94,2.94,4.05,4.05,2.81,4.07
8,52,Jugo de Naranja *,946 Mililitros,1.20,1.39,1.46,1.46,1.05,1.05,1.20,1.05,1.29,1.05,1.27,1.05,1.20,1.05,1.05,1.05,1.29,1.05,1.29,1.05,1.29,1.27,1.27,1.25,1.25,1.36,1.39,1.05,1.05,1.05,1.05,1.39,1.20,1.05,1.20,1.25,1.25,1.05,1.39,1.05,1.29,1.20,1.20,1.05,1.05,1.25,1.08,1.39,1.39,1.39,1.39,1.05,1.29,1.05,1.05,1.05,1.05,1.27,1.05,1.18,1.05,1.05,1.05,1.05,1.05,1.17,1.05,1.39,1.39,1.05,1.05,1.17,,1.17,1.05,1.05,1.39,1.29,1.05
8,53,Mayonesa *,15 Onzas,2.48,2.15,2.55,2.55,2.45,2.49,2.49,2.49,2.49,2.44,2.48,2.49,2.49,2.49,2.49,2.49,2.49,2.49,2.49,2.49,2.49,1.98,2.08,1.98,1.98,2.79,2.15,2.49,2.49,2.49,2.49,2.15,2.15,2.49,2.49,2.48,2.48,2.30,2.30,2.49,2.45,2.49,2.45,2.48,2.48,2.49,2.49,2.15,2.15,2.15,2.67,2.49,2.49,2.49,2.49,2.49,2.49,2.10,2.40,2.13,2.13,1.97,2.40,2.49,2.49,2.49,2.49,2.25,2.25,2.45,2.49,2.40,,2.39,2.48,2.79,2.15,2.49,2.49
8,54,Pasta de Tomate *,113 Gramos,0.79,0.45,0.65,0.65,0.36,0.36,0.35,0.35,0.85,0.27,0.27,0.49,0.43,0.49,0.43,0.49,0.35,0.85,0.35,0.35,0.29,0.33,0.33,0.33,0.33,0.45,0.45,0.35,0.49,0.35,0.29,0.65,0.40,0.65,0.36,0.62,0.45,0.47,0.69,0.35,0.49,0.49,0.35,0.50,0.35,0.43,0.43,0.50,0.40,0.60,0.45,0.35,0.29,0.49,0.35,0.35,0.36,0.34,0.40,0.27,0.27,0.35,0.35,0.43,0.43,0.49,0.43,0.65,0.50,0.65,0.49,0.35,,0.50,0.41,0.45,0.45,0.35,0.49
8,55,Sal  *,1 Kilogramos,0.55,0.55,0.55,0.66,0.55,0.55,0.86,0.55,0.64,0.55,0.62,0.60,0.55,0.66,0.57,0.55,0.55,0.55,0.55,0.55,0.55,0.51,0.51,0.51,0.51,0.55,0.55,0.55,0.55,0.55,0.55,0.55,0.55,0.55,0.55,0.46,0.60,0.55,0.55,0.55,0.55,0.55,0.55,0.49,0.49,0.55,0.55,0.55,0.55,0.55,0.55,0.55,0.55,0.55,0.55,0.55,0.64,0.51,0.51,0.44,0.44,0.44,0.44,0.60,0.55,0.64,0.57,0.55,0.62,0.55,0.55,0.64,,0.49,0.49,0.55,0.55,0.55,0.64
8,56,Salsa de Tomate *,113 Gramos,0.43,0.50,0.65,0.65,0.35,0.35,0.35,0.35,0.35,0.27,0.27,0.49,0.43,0.49,0.43,0.35,0.29,0.35,0.35,0.49,0.29,0.33,0.33,0.33,0.33,0.43,0.50,0.35,0.35,0.35,0.35,0.45,0.43,0.35,0.36,0.45,0.50,0.43,0.50,0.35,0.49,0.49,0.35,0.50,0.79,0.43,0.43,0.50,0.42,0.65,0.50,0.35,0.29,0.35,0.35,0.35,0.35,0.47,0.52,0.27,0.27,0.33,0.33,0.43,0.43,0.48,0.43,0.65,0.50,0.49,0.49,0.30,,0.50,0.50,0.65,0.42,0.35,0.49
8,57,Soda en envase pl stico *,1 Litros,1.20,1.05,1.14,1.24,1.20,1.20,1.20,1.04,1.20,1.10,1.18,1.20,1.25,1.15,1.20,1.20,1.10,1.20,1.10,1.20,1.10,1.16,1.18,1.18,1.18,1.25,1.25,1.20,1.10,1.20,1.20,1.04,1.25,1.20,1.50,1.20,1.20,1.20,1.05,1.20,1.20,1.20,1.20,1.13,1.13,1.25,1.20,1.05,1.50,0.98,1.20,1.04,1.10,1.20,1.04,1.10,1.20,1.08,1.18,0.96,1.03,1.11,1.07,1.25,1.25,1.25,1.25,1.20,1.20,1.10,1.20,1.50,,1.13,1.13,1.04,1.50,1.10,1.20
8,58,Sopa Deshidratada (Pollo y Fideos) *,60 Gramos,0.48,0.45,0.48,0.48,0.45,0.42,0.42,0.49,0.49,0.40,0.40,0.59,0.40,0.57,0.57,0.42,0.42,0.42,0.62,0.42,0.42,0.42,0.42,0.42,0.35,0.45,0.50,0.39,0.49,0.44,0.42,0.65,0.50,0.62,0.42,0.59,0.45,0.65,0.45,0.42,0.44,0.42,0.44,0.60,0.40,0.49,0.40,0.45,0.50,0.50,0.50,0.42,0.42,0.42,0.44,0.42,0.42,0.60,0.60,0.48,0.38,0.30,0.41,0.40,0.40,0.43,0.40,0.65,0.50,0.42,0.42,0.39,,0.46,0.60,0.60,0.50,0.42,0.42
8,59,Te Negro *,36 Gramos,0.88,0.95,0.93,0.93,0.95,0.99,0.99,0.95,0.99,0.94,0.95,0.93,0.94,0.93,0.98,0.95,0.95,0.93,0.95,0.93,0.99,0.84,0.84,0.91,0.91,0.93,0.95,0.95,0.95,0.95,0.99,0.95,0.99,0.95,0.99,0.93,0.94,0.95,0.95,0.95,0.95,0.95,0.95,0.90,0.90,0.89,0.89,0.93,0.95,0.95,0.95,0.95,0.95,0.95,0.95,0.95,0.95,0.93,0.93,0.88,0.89,0.87,0.87,0.93,0.93,0.93,0.93,0.93,0.94,0.98,0.95,0.95,,0.90,0.90,0.88,0.95,0.95,0.95
,,Costo Total,,284.60,272.72,303.75,311.86,257.33,260.41,261.20,262.20,254.91,252.53,250.70,269.44,268.72,269.60,263.67,249.36,252.09,255.17,257.08,264.35,255.36,250.30,242.85,253.56,248.73,267.44,264.41,262.66,264.35,256.95,251.44,270.99,261.79,264.82,262.58,290.72,274.02,268.49,270.57,250.43,256.77,263.13,258.48,255.39,253.11,267.35,269.35,267.50,264.40,267.57,268.86,260.08,257.62,258.26,255.98,267.88,255.67,258.22,260.67,243.87,240.47,242.28,244.66,263.03,267.03,270.00,267.77,274.40,267.00,271.97,258.27,266.12,,261.11,255.38,267.30,267.20,263.17,268.06
